"";"palavra";"frequencia"
"1";"integridade";121
"2";"etica";65
"3";"compliance";49
"4";"risco";47
"5";"gestao";42
"6";"conduta";41
"7";"codigo";36
"8";"programa";36
"9";"internos";28
"10";"governanca";27
"11";"auditoria";25
"12";"empresa";21
"13";"comite";20
"14";"controle";20
"15";"abgf";19
"16";"controles";18
"17";"conformidade";18
"18";"2018";18
"19";"processos";17
"20";"empregados";17
"21";"interno";16
"22";"comissao";16
"23";"administracao";16
"24";"acoes";15
"25";"interna";15
"26";"caixa";15
"27";"base";14
"28";"art";14
"29";"bndes";13
"30";"normas";13
"31";"operacional";12
"32";"politica";12
"33";"conjunto";12
"34";"pilares";12
"35";"unidades";11
"36";"contabeis";11
"37";"informacoes";11
"38";"bem";11
"39";"revisao";10
"40";"cultura";10
"41";"procedimentos";10
"42";"todos";10
"43";"valores";10
"44";"eticos";10
"45";"nº";10
"46";"irregularidades";10
"47";"nao";9
"48";"praticas";9
"49";"temas";9
"50";"compromisso";9
"51";"atuacao";9
"52";"atividades";9
"53";"corrupcao";9
"54";"capacitacao";9
"55";"instituicao";9
"56";"aplicacao";9
"57";"conselho";9
"58";"avalia";8
"59";"2019";8
"60";"trabalhos";8
"61";"acao";8
"62";"treinamento";8
"63";"normativos";8
"64";"relacionados";8
"65";"comunicacao";8
"66";"combate";8
"67";"demonstracoes";8
"68";"politicas";8
"69";"responsavel";8
"70";"objetivo";8
"71";"principios";8
"72";"elaboracao";8
"73";"2016";8
"74";"social";8
"75";"documentos";8
"76";"acordo";7
"77";"financiamento";7
"78";"informacao";7
"79";"diretoria";7
"80";"servicos";7
"81";"ainda";7
"82";"responsabilidade";7
"83";"relatorio";7
"84";"prestadores";7
"85";"servico";7
"86";"condutas";7
"87";"avaliacao";7
"88";"canais";7
"89";"p";7
"90";"area";7
"91";"mecanismos";7
"92";"prevencao";7
"93";"relevantes";7
"94";"relacao";7
"95";"efetiva";7
"96";"valec";7
"97";"norma";7
"98";"credito";6
"99";"seguranca";6
"100";"criacao";6
